{"annotatable":{"parts":["s1s1h1","s1s1v1","s1s2h1","s1s2v1"]},"anncomplete":true,"sources":[],"metas":{"m_42":{"value":true,"confidence":{"state":"pre-added","who":["user:MCGeoffrey"],"prob":1}},"m_78":{"value":"3-Verbal Conflict","confidence":{"state":"pre-added","who":["user:MCGeoffrey"],"prob":1}},"m_79":{"value":"3-11 Disapprove","confidence":{"state":"pre-added","who":["user:MCGeoffrey"],"prob":1}},"m_80":{"value":"3-Verbal Conflict","confidence":{"state":"pre-added","who":["user:MCGeoffrey"],"prob":1}},"m_81":{"value":"3-9 Investigate","confidence":{"state":"pre-added","who":["user:MCGeoffrey"],"prob":1}}},"entities":[{"classId":"e_93","part":"s1s2v1","offsets":[{"start":0,"text":"City Councilman Miguel A. Pulido"}],"coordinates":[],"confidence":{"state":"pre-added","who":["user:MCGeoffrey"],"prob":1},"fields":{},"normalizations":{}},{"classId":"e_116","part":"s1s2v1","offsets":[{"start":0,"text":"City Councilman Miguel A. Pulido"}],"coordinates":[],"confidence":{"state":"pre-added","who":["user:MCGeoffrey"],"prob":1},"fields":{},"normalizations":{}},{"classId":"e_92","part":"s1s2v1","offsets":[{"start":33,"text":"lashed out"}],"coordinates":[],"confidence":{"state":"pre-added","who":["user:MCGeoffrey"],"prob":1},"fields":{},"normalizations":{}},{"classId":"e_94","part":"s1s2v1","offsets":[{"start":49,"text":"political opponent"}],"coordinates":[],"confidence":{"state":"pre-added","who":["user:MCGeoffrey"],"prob":1},"fields":{},"normalizations":{}},{"classId":"e_115","part":"s1s2v1","offsets":[{"start":49,"text":"political opponent"}],"coordinates":[],"confidence":{"state":"pre-added","who":["user:MCGeoffrey"],"prob":1},"fields":{},"normalizations":{}},{"classId":"e_124","part":"s1s2v1","offsets":[{"start":68,"text":"Tuesday"}],"coordinates":[],"confidence":{"state":"pre-added","who":["user:MCGeoffrey"],"prob":1},"fields":{},"normalizations":{}},{"classId":"e_92","part":"s1s2v1","offsets":[{"start":77,"text":"accusing"}],"coordinates":[],"confidence":{"state":"pre-added","who":["user:MCGeoffrey"],"prob":1},"fields":{},"normalizations":{}},{"classId":"e_95","part":"s1s2v1","offsets":[{"start":102,"text":"hiring a detective to investigate"}],"coordinates":[],"confidence":{"state":"pre-added","who":["user:MCGeoffrey"],"prob":1},"fields":{},"normalizations":{}}],"relations":[{"classId":"r_126","type":"linked","directed":false,"entities":["s1s2v1|e_93|0,31","s1s2v1|e_92|33,42"],"confidence":{"state":"pre-added","who":["user:MCGeoffrey"],"prob":1}},{"classId":"r_126","type":"linked","directed":false,"entities":["s1s2v1|e_93|0,31","s1s2v1|e_92|77,84"],"confidence":{"state":"pre-added","who":["user:MCGeoffrey"],"prob":1}},{"classId":"r_128","type":"linked","directed":false,"entities":["s1s2v1|e_115|49,66","s1s2v1|e_95|102,134"],"confidence":{"state":"pre-added","who":["user:MCGeoffrey"],"prob":1}},{"classId":"r_134","type":"linked","directed":false,"entities":["s1s2v1|e_95|102,134","s1s2v1|e_93|0,31"],"confidence":{"state":"pre-added","who":["user:MCGeoffrey"],"prob":1}},{"classId":"r_142","type":"linked","directed":false,"entities":["s1s2v1|e_92|33,42","s1s2v1|e_115|49,66"],"confidence":{"state":"pre-added","who":["user:MCGeoffrey"],"prob":1}},{"classId":"r_142","type":"linked","directed":false,"entities":["s1s2v1|e_92|77,84","s1s2v1|e_115|49,66"],"confidence":{"state":"pre-added","who":["user:MCGeoffrey"],"prob":1}}]}