{"annotatable":{"parts":["s1s1h1","s1s1v1","s1s2h1","s1s2v1"]},"anncomplete":true,"sources":[],"metas":{"m_42":{"value":true,"confidence":{"state":"pre-added","who":["user:MCGeoffrey"],"prob":1}},"m_78":{"value":"0-Make a Statement","confidence":{"state":"pre-added","who":["user:MCGeoffrey"],"prob":1}},"m_79":{"value":"0-1 Make Public Statement","confidence":{"state":"pre-added","who":["user:MCGeoffrey"],"prob":1}}},"entities":[{"classId":"e_93","part":"s1s2v1","offsets":[{"start":0,"text":"Afghan President Mohammad Ashraf Ghani"}],"coordinates":[],"confidence":{"state":"pre-added","who":["user:MCGeoffrey"],"prob":1},"fields":{},"normalizations":{}},{"classId":"e_92","part":"s1s2v1","offsets":[{"start":43,"text":"speaks"}],"coordinates":[],"confidence":{"state":"pre-added","who":["user:MCGeoffrey"],"prob":1},"fields":{},"normalizations":{}},{"classId":"e_123","part":"s1s2v1","offsets":[{"start":87,"text":"presidential palace in Kabul, capital of Afghanistan"}],"coordinates":[],"confidence":{"state":"pre-added","who":["user:MCGeoffrey"],"prob":1},"fields":{},"normalizations":{}},{"classId":"e_124","part":"s1s2v1","offsets":[{"start":141,"text":"June 4, 2019"}],"coordinates":[],"confidence":{"state":"pre-added","who":["user:MCGeoffrey"],"prob":1},"fields":{},"normalizations":{}}],"relations":[{"classId":"r_126","type":"linked","directed":false,"entities":["s1s2v1|e_93|0,37","s1s2v1|e_92|43,48"],"confidence":{"state":"pre-added","who":["user:MCGeoffrey"],"prob":1}}]}