{"annotatable":{"parts":["s1s1h1","s1s1v1","s1s2h1","s1s2v1"]},"anncomplete":true,"sources":[],"metas":{"m_42":{"value":true,"confidence":{"state":"pre-added","who":["user:MCGeoffrey"],"prob":1}},"m_78":{"value":"4-Material Conflict","confidence":{"state":"pre-added","who":["user:MCGeoffrey"],"prob":1}},"m_79":{"value":"4-17 Coerce","confidence":{"state":"pre-added","who":["user:MCGeoffrey"],"prob":1}},"m_80":{"value":"3-Verbal Conflict","confidence":{"state":"pre-added","who":["user:MCGeoffrey"],"prob":1}},"m_81":{"value":"3-13 Threaten","confidence":{"state":"pre-added","who":["user:MCGeoffrey"],"prob":1}}},"entities":[{"classId":"e_94","part":"s1s2v1","offsets":[{"start":25,"text":"former officials"}],"coordinates":[],"confidence":{"state":"pre-added","who":["user:MCGeoffrey"],"prob":1},"fields":{},"normalizations":{}},{"classId":"e_115","part":"s1s2v1","offsets":[{"start":25,"text":"former officials"}],"coordinates":[],"confidence":{"state":"pre-added","who":["user:MCGeoffrey"],"prob":1},"fields":{},"normalizations":{}},{"classId":"e_123","part":"s1s2v1","offsets":[{"start":49,"text":"northern Minnesota city of Tower"}],"coordinates":[],"confidence":{"state":"pre-added","who":["user:MCGeoffrey"],"prob":1},"fields":{},"normalizations":{}},{"classId":"e_92","part":"s1s2v1","offsets":[{"start":82,"text":"are charged"}],"coordinates":[],"confidence":{"state":"pre-added","who":["user:MCGeoffrey"],"prob":1},"fields":{},"normalizations":{}},{"classId":"e_95","part":"s1s2v1","offsets":[{"start":133,"text":"trying to oust"}],"coordinates":[],"confidence":{"state":"pre-added","who":["user:MCGeoffrey"],"prob":1},"fields":{},"normalizations":{}},{"classId":"e_116","part":"s1s2v1","offsets":[{"start":150,"text":"newspaper publisher"}],"coordinates":[],"confidence":{"state":"pre-added","who":["user:MCGeoffrey"],"prob":1},"fields":{},"normalizations":{}}],"relations":[{"classId":"r_128","type":"linked","directed":false,"entities":["s1s2v1|e_115|25,40","s1s2v1|e_95|133,146"],"confidence":{"state":"pre-added","who":["user:MCGeoffrey"],"prob":1}},{"classId":"r_129","type":"linked","directed":false,"entities":["s1s2v1|e_95|133,146","s1s2v1|e_116|150,168"],"confidence":{"state":"pre-added","who":["user:MCGeoffrey"],"prob":1}},{"classId":"r_142","type":"linked","directed":false,"entities":["s1s2v1|e_115|25,40","s1s2v1|e_92|82,92"],"confidence":{"state":"pre-added","who":["user:MCGeoffrey"],"prob":1}}]}