{"annotatable":{"parts":["s1s1h1","s1s1v1","s1s2h1","s1s2v1"]},"anncomplete":true,"sources":[],"metas":{"m_42":{"value":true,"confidence":{"state":"pre-added","who":["user:msutd"],"prob":1}},"m_78":{"value":"0-Make a Statement","confidence":{"state":"pre-added","who":["user:msutd"],"prob":1}},"m_79":{"value":"0-1 Make Public Statement","confidence":{"state":"pre-added","who":["user:msutd"],"prob":1}}},"entities":[{"classId":"e_93","part":"s1s2v1","offsets":[{"start":0,"text":"Chinese Foreign Ministry spokeswoman Hua Chunying"}],"coordinates":[],"confidence":{"state":"pre-added","who":["user:msutd"],"prob":1},"fields":{},"normalizations":{}},{"classId":"e_92","part":"s1s2v1","offsets":[{"start":50,"text":"said"}],"coordinates":[],"confidence":{"state":"pre-added","who":["user:msutd"],"prob":1},"fields":{},"normalizations":{}}],"relations":[{"classId":"r_126","type":"linked","directed":false,"entities":["s1s2v1|e_93|0,48","s1s2v1|e_92|50,53"],"confidence":{"state":"pre-added","who":["user:msutd"],"prob":1}}]}