{"annotatable":{"parts":["s1s1h1","s1s1v1","s1s2h1","s1s2v1"]},"anncomplete":true,"sources":[],"metas":{"m_42":{"value":true,"confidence":{"state":"pre-added","who":["user:msutd"],"prob":1}},"m_80":{"value":"0-Make a Statement","confidence":{"state":"pre-added","who":["user:msutd"],"prob":1}},"m_81":{"value":"0-1 Make Public Statement","confidence":{"state":"pre-added","who":["user:msutd"],"prob":1}},"m_78":{"value":"4-Material Conflict","confidence":{"state":"pre-added","who":["user:msutd"],"prob":1}},"m_79":{"value":"4-17 Coerce","confidence":{"state":"pre-added","who":["user:msutd"],"prob":1}}},"entities":[{"classId":"e_94","part":"s1s2v1","offsets":[{"start":15,"text":"Zimbabwean refugees"}],"coordinates":[],"confidence":{"state":"pre-added","who":["user:msutd"],"prob":1},"fields":{},"normalizations":{}},{"classId":"e_92","part":"s1s2v1","offsets":[{"start":35,"text":"evicted"}],"coordinates":[],"confidence":{"state":"pre-added","who":["user:msutd"],"prob":1},"fields":{},"normalizations":{}},{"classId":"e_123","part":"s1s2v1","offsets":[{"start":80,"text":"Johannesburg"}],"coordinates":[],"confidence":{"state":"pre-added","who":["user:msutd"],"prob":1},"fields":{},"normalizations":{}},{"classId":"e_93","part":"s1s2v1","offsets":[{"start":131,"text":"Bishop Paul Verryn"}],"coordinates":[],"confidence":{"state":"pre-added","who":["user:msutd"],"prob":1},"fields":{},"normalizations":{}},{"classId":"e_95","part":"s1s2v1","offsets":[{"start":150,"text":"said"}],"coordinates":[],"confidence":{"state":"pre-added","who":["user:msutd"],"prob":1},"fields":{},"normalizations":{}},{"classId":"e_124","part":"s1s2v1","offsets":[{"start":158,"text":"Friday"}],"coordinates":[],"confidence":{"state":"pre-added","who":["user:msutd"],"prob":1},"fields":{},"normalizations":{}}],"relations":[{"classId":"r_127","type":"linked","directed":false,"entities":["s1s2v1|e_92|35,41","s1s2v1|e_94|15,33"],"confidence":{"state":"pre-added","who":["user:msutd"],"prob":1}},{"classId":"r_134","type":"linked","directed":false,"entities":["s1s2v1|e_93|131,148","s1s2v1|e_95|150,153"],"confidence":{"state":"pre-added","who":["user:msutd"],"prob":1}}]}