{"annotatable":{"parts":["s1s1h1","s1s1v1","s1s2h1","s1s2v1"]},"anncomplete":true,"sources":[],"metas":{"m_42":{"value":true,"confidence":{"state":"pre-added","who":["user:msutd"],"prob":1}},"m_78":{"value":"4-Material Conflict","confidence":{"state":"pre-added","who":["user:msutd"],"prob":1}},"m_79":{"value":"4-18 Assualt","confidence":{"state":"pre-added","who":["user:msutd"],"prob":1}},"m_80":{"value":"0-Make a Statement","confidence":{"state":"pre-added","who":["user:msutd"],"prob":1}},"m_81":{"value":"0-1 Make Public Statement","confidence":{"state":"pre-added","who":["user:msutd"],"prob":1}}},"entities":[{"classId":"e_94","part":"s1s2v1","offsets":[{"start":15,"text":"soldiers"}],"coordinates":[],"confidence":{"state":"pre-added","who":["user:msutd"],"prob":1},"fields":{},"normalizations":{}},{"classId":"e_94","part":"s1s2v1","offsets":[{"start":29,"text":"vigilantes"}],"coordinates":[],"confidence":{"state":"pre-added","who":["user:msutd"],"prob":1},"fields":{},"normalizations":{}},{"classId":"e_94","part":"s1s2v1","offsets":[{"start":54,"text":"Boko Haram insurgents"}],"coordinates":[],"confidence":{"state":"pre-added","who":["user:msutd"],"prob":1},"fields":{},"normalizations":{}},{"classId":"e_92","part":"s1s2v1","offsets":[{"start":86,"text":"killed"}],"coordinates":[],"confidence":{"state":"pre-added","who":["user:msutd"],"prob":1},"fields":{},"normalizations":{}},{"classId":"e_92","part":"s1s2v1","offsets":[{"start":100,"text":"clashes"}],"coordinates":[],"confidence":{"state":"pre-added","who":["user:msutd"],"prob":1},"fields":{},"normalizations":{}},{"classId":"e_123","part":"s1s2v1","offsets":[{"start":123,"text":"northeast Nigerian city of Maiduguri"}],"coordinates":[],"confidence":{"state":"pre-added","who":["user:msutd"],"prob":1},"fields":{},"normalizations":{}},{"classId":"e_93","part":"s1s2v1","offsets":[{"start":161,"text":"sources"}],"coordinates":[],"confidence":{"state":"pre-added","who":["user:msutd"],"prob":1},"fields":{},"normalizations":{}},{"classId":"e_95","part":"s1s2v1","offsets":[{"start":169,"text":"said"}],"coordinates":[],"confidence":{"state":"pre-added","who":["user:msutd"],"prob":1},"fields":{},"normalizations":{}},{"classId":"e_124","part":"s1s2v1","offsets":[{"start":177,"text":"Thursday"}],"coordinates":[],"confidence":{"state":"pre-added","who":["user:msutd"],"prob":1},"fields":{},"normalizations":{}}],"relations":[{"classId":"r_127","type":"linked","directed":false,"entities":["s1s2v1|e_92|86,91","s1s2v1|e_94|54,74"],"confidence":{"state":"pre-added","who":["user:msutd"],"prob":1}},{"classId":"r_127","type":"linked","directed":false,"entities":["s1s2v1|e_92|86,91","s1s2v1|e_94|29,38"],"confidence":{"state":"pre-added","who":["user:msutd"],"prob":1}},{"classId":"r_127","type":"linked","directed":false,"entities":["s1s2v1|e_92|86,91","s1s2v1|e_94|15,22"],"confidence":{"state":"pre-added","who":["user:msutd"],"prob":1}},{"classId":"r_127","type":"linked","directed":false,"entities":["s1s2v1|e_92|100,106","s1s2v1|e_94|54,74"],"confidence":{"state":"pre-added","who":["user:msutd"],"prob":1}},{"classId":"r_127","type":"linked","directed":false,"entities":["s1s2v1|e_92|100,106","s1s2v1|e_94|29,38"],"confidence":{"state":"pre-added","who":["user:msutd"],"prob":1}},{"classId":"r_127","type":"linked","directed":false,"entities":["s1s2v1|e_92|100,106","s1s2v1|e_94|15,22"],"confidence":{"state":"pre-added","who":["user:msutd"],"prob":1}},{"classId":"r_134","type":"linked","directed":false,"entities":["s1s2v1|e_93|161,167","s1s2v1|e_95|169,172"],"confidence":{"state":"pre-added","who":["user:msutd"],"prob":1}}]}