{"annotatable":{"parts":["s1s1h1","s1s1v1","s1s2h1","s1s2v1"]},"anncomplete":true,"sources":[],"metas":{"m_42":{"value":true,"confidence":{"state":"pre-added","who":["user:msutd"],"prob":1}},"m_78":{"value":"2-Material Cooperation","confidence":{"state":"pre-added","who":["user:msutd"],"prob":1}},"m_79":{"value":"2-8 Yield","confidence":{"state":"pre-added","who":["user:msutd"],"prob":1}},"m_80":{"value":"4-Material Conflict","confidence":{"state":"pre-added","who":["user:msutd"],"prob":1}},"m_81":{"value":"4-17 Coerce","confidence":{"state":"pre-added","who":["user:msutd"],"prob":1}}},"entities":[{"classId":"e_92","part":"s1s2v1","offsets":[{"start":4,"text":"exchange"}],"coordinates":[],"confidence":{"state":"pre-added","who":["user:msutd"],"prob":1},"fields":{},"normalizations":{}},{"classId":"e_116","part":"s1s2v1","offsets":[{"start":25,"text":"Russian nationals"}],"coordinates":[],"confidence":{"state":"pre-added","who":["user:msutd"],"prob":1},"fields":{},"normalizations":{}},{"classId":"e_116","part":"s1s2v1","offsets":[{"start":43,"text":"Viktor Bout"}],"coordinates":[],"confidence":{"state":"pre-added","who":["user:msutd"],"prob":1},"fields":{},"normalizations":{}},{"classId":"e_116","part":"s1s2v1","offsets":[{"start":58,"text":"Konstantin Yaroshenko"}],"coordinates":[],"confidence":{"state":"pre-added","who":["user:msutd"],"prob":1},"fields":{},"normalizations":{}},{"classId":"e_95","part":"s1s2v1","offsets":[{"start":80,"text":"incarcerated"}],"coordinates":[],"confidence":{"state":"pre-added","who":["user:msutd"],"prob":1},"fields":{},"normalizations":{}}],"relations":[{"classId":"r_129","type":"linked","directed":false,"entities":["s1s2v1|e_95|80,91","s1s2v1|e_116|58,78"],"confidence":{"state":"pre-added","who":["user:msutd"],"prob":1}},{"classId":"r_129","type":"linked","directed":false,"entities":["s1s2v1|e_95|80,91","s1s2v1|e_116|43,53"],"confidence":{"state":"pre-added","who":["user:msutd"],"prob":1}},{"classId":"r_129","type":"linked","directed":false,"entities":["s1s2v1|e_95|80,91","s1s2v1|e_116|25,41"],"confidence":{"state":"pre-added","who":["user:msutd"],"prob":1}},{"classId":"r_137","type":"linked","directed":false,"entities":["s1s2v1|e_92|4,11","s1s2v1|e_116|25,41"],"confidence":{"state":"pre-added","who":["user:msutd"],"prob":1}},{"classId":"r_137","type":"linked","directed":false,"entities":["s1s2v1|e_92|4,11","s1s2v1|e_116|43,53"],"confidence":{"state":"pre-added","who":["user:msutd"],"prob":1}},{"classId":"r_137","type":"linked","directed":false,"entities":["s1s2v1|e_92|4,11","s1s2v1|e_116|58,78"],"confidence":{"state":"pre-added","who":["user:msutd"],"prob":1}}]}