{"annotatable":{"parts":["s1s1h1","s1s1v1","s1s2h1","s1s2v1"]},"anncomplete":true,"sources":[],"metas":{"m_42":{"value":true,"confidence":{"state":"pre-added","who":["user:prajaktiakarte"],"prob":1}},"m_78":{"value":"4-Material Conflict","confidence":{"state":"pre-added","who":["user:prajaktiakarte"],"prob":1}},"m_79":{"value":"4-17 Coerce","confidence":{"state":"pre-added","who":["user:prajaktiakarte"],"prob":1}},"m_80":{"value":"0-Make a Statement","confidence":{"state":"pre-added","who":["user:prajaktiakarte"],"prob":1}},"m_81":{"value":"0-1 Make Public Statement","confidence":{"state":"pre-added","who":["user:prajaktiakarte"],"prob":1}}},"entities":[{"classId":"e_115","part":"s1s2v1","offsets":[{"start":0,"text":"Pro-democracy activist Joshua Wong"}],"coordinates":[],"confidence":{"state":"pre-added","who":["user:prajaktiakarte"],"prob":1},"fields":{},"normalizations":{}},{"classId":"e_93","part":"s1s2v1","offsets":[{"start":0,"text":"Pro-democracy activist Joshua Wong"}],"coordinates":[],"confidence":{"state":"pre-added","who":["user:prajaktiakarte"],"prob":1},"fields":{},"normalizations":{}},{"classId":"e_95","part":"s1s2v1","offsets":[{"start":35,"text":"said"}],"coordinates":[],"confidence":{"state":"pre-added","who":["user:prajaktiakarte"],"prob":1},"fields":{},"normalizations":{}},{"classId":"e_124","part":"s1s2v1","offsets":[{"start":43,"text":"Tuesday"}],"coordinates":[],"confidence":{"state":"pre-added","who":["user:prajaktiakarte"],"prob":1},"fields":{},"normalizations":{}},{"classId":"e_92","part":"s1s2v1","offsets":[{"start":68,"text":"disqualified from running"}],"coordinates":[],"confidence":{"state":"pre-added","who":["user:prajaktiakarte"],"prob":1},"fields":{},"normalizations":{}},{"classId":"e_94","part":"s1s2v1","offsets":[{"start":97,"text":"Hong Kong's district council elections"}],"coordinates":[],"confidence":{"state":"pre-added","who":["user:prajaktiakarte"],"prob":1},"fields":{},"normalizations":{}}],"relations":[{"classId":"r_126","type":"linked","directed":false,"entities":["s1s2v1|e_93|0,33","s1s2v1|e_92|68,92"],"confidence":{"state":"pre-added","who":["user:prajaktiakarte"],"prob":1}},{"classId":"r_127","type":"linked","directed":false,"entities":["s1s2v1|e_92|68,92","s1s2v1|e_94|97,134"],"confidence":{"state":"pre-added","who":["user:prajaktiakarte"],"prob":1}},{"classId":"r_128","type":"linked","directed":false,"entities":["s1s2v1|e_115|0,33","s1s2v1|e_95|35,38"],"confidence":{"state":"pre-added","who":["user:prajaktiakarte"],"prob":1}}]}