{"annotatable":{"parts":["s1s1h1","s1s1v1","s1s2h1","s1s2v1"]},"anncomplete":true,"sources":[],"metas":{"m_42":{"value":true,"confidence":{"state":"pre-added","who":["user:Jenniyie"],"prob":1}}},"entities":[{"classId":"e_93","part":"s1s2v1","offsets":[{"start":155,"text":"President Donald Trump"}],"coordinates":[],"confidence":{"state":"pre-added","who":["user:Jenniyie"],"prob":1},"fields":{},"normalizations":{}},{"classId":"e_92","part":"s1s2v1","offsets":[{"start":178,"text":"vowed"}],"coordinates":[],"confidence":{"state":"pre-added","who":["user:Jenniyie"],"prob":1},"fields":{"f_102":{"value":"0-1 Make Public Statement","confidence":{"state":"pre-added","who":["user:Jenniyie"],"prob":1}},"f_30":{"value":"0-Make a Statement","confidence":{"state":"pre-added","who":["user:Jenniyie"],"prob":1}}},"normalizations":{}}],"relations":[]}