{"annotatable":{"parts":["s1s1h1","s1s1v1","s1s2h1","s1s2v1"]},"anncomplete":true,"sources":[],"metas":{"m_42":{"value":true,"confidence":{"state":"pre-added","who":["user:msutd"],"prob":1}},"m_78":{"value":"3-Verbal Conflict","confidence":{"state":"pre-added","who":["user:msutd"],"prob":1}},"m_79":{"value":"3-11 Disapprove","confidence":{"state":"pre-added","who":["user:msutd"],"prob":1}}},"entities":[{"classId":"e_94","part":"s1s2v1","offsets":[{"start":5,"text":"men"}],"coordinates":[],"confidence":{"state":"pre-added","who":["user:msutd"],"prob":1},"fields":{},"normalizations":{}},{"classId":"e_92","part":"s1s2v1","offsets":[{"start":14,"text":"indicted"}],"coordinates":[],"confidence":{"state":"pre-added","who":["user:msutd"],"prob":1},"fields":{},"normalizations":{}},{"classId":"e_93","part":"s1s2v1","offsets":[{"start":28,"text":"federal grand jury"}],"coordinates":[],"confidence":{"state":"pre-added","who":["user:msutd"],"prob":1},"fields":{},"normalizations":{}},{"classId":"e_123","part":"s1s2v1","offsets":[{"start":50,"text":"Brooklyn"}],"coordinates":[],"confidence":{"state":"pre-added","who":["user:msutd"],"prob":1},"fields":{},"normalizations":{}},{"classId":"e_124","part":"s1s2v1","offsets":[{"start":59,"text":"Friday"}],"coordinates":[],"confidence":{"state":"pre-added","who":["user:msutd"],"prob":1},"fields":{},"normalizations":{}},{"classId":"e_92","part":"s1s2v1","offsets":[{"start":73,"text":"alleged plot to blow up New York's John F. Kennedy International Airport"}],"coordinates":[],"confidence":{"state":"pre-added","who":["user:msutd"],"prob":1},"fields":{},"normalizations":{}}],"relations":[{"classId":"r_126","type":"linked","directed":false,"entities":["s1s2v1|e_93|28,45","s1s2v1|e_92|14,21"],"confidence":{"state":"pre-added","who":["user:msutd"],"prob":1}},{"classId":"r_126","type":"linked","directed":false,"entities":["s1s2v1|e_93|28,45","s1s2v1|e_92|73,144"],"confidence":{"state":"pre-added","who":["user:msutd"],"prob":1}},{"classId":"r_127","type":"linked","directed":false,"entities":["s1s2v1|e_92|14,21","s1s2v1|e_94|5,7"],"confidence":{"state":"pre-added","who":["user:msutd"],"prob":1}},{"classId":"r_127","type":"linked","directed":false,"entities":["s1s2v1|e_92|73,144","s1s2v1|e_94|5,7"],"confidence":{"state":"pre-added","who":["user:msutd"],"prob":1}}]}