{"annotatable":{"parts":["s1s1h1","s1s1v1","s1s2h1","s1s2v1"]},"anncomplete":true,"sources":[],"metas":{"m_42":{"value":true,"confidence":{"state":"pre-added","who":["user:prajaktiakarte"],"prob":1}},"m_78":{"value":"4-Material Conflict","confidence":{"state":"pre-added","who":["user:prajaktiakarte"],"prob":1}},"m_79":{"value":"4-17 Coerce","confidence":{"state":"pre-added","who":["user:prajaktiakarte"],"prob":1}}},"entities":[{"classId":"e_94","part":"s1s2v1","offsets":[{"start":21,"text":"synagogue in Mainz"}],"coordinates":[],"confidence":{"state":"pre-added","who":["user:prajaktiakarte"],"prob":1},"fields":{},"normalizations":{}},{"classId":"e_93","part":"s1s2v1","offsets":[{"start":63,"text":"Nazis"}],"coordinates":[],"confidence":{"state":"pre-added","who":["user:prajaktiakarte"],"prob":1},"fields":{},"normalizations":{}},{"classId":"e_92","part":"s1s2v1","offsets":[{"start":69,"text":"destroyed"}],"coordinates":[],"confidence":{"state":"pre-added","who":["user:prajaktiakarte"],"prob":1},"fields":{},"normalizations":{}},{"classId":"e_124","part":"s1s2v1","offsets":[{"start":96,"text":"70 years ago"}],"coordinates":[],"confidence":{"state":"pre-added","who":["user:prajaktiakarte"],"prob":1},"fields":{},"normalizations":{}}],"relations":[{"classId":"r_126","type":"linked","directed":false,"entities":["s1s2v1|e_93|63,67","s1s2v1|e_92|69,77"],"confidence":{"state":"pre-added","who":["user:prajaktiakarte"],"prob":1}},{"classId":"r_127","type":"linked","directed":false,"entities":["s1s2v1|e_92|69,77","s1s2v1|e_94|21,38"],"confidence":{"state":"pre-added","who":["user:prajaktiakarte"],"prob":1}}]}