{"annotatable":{"parts":["s1s1h1","s1s1v1","s1s2h1","s1s2v1"]},"anncomplete":true,"sources":[],"metas":{"m_42":{"value":true,"confidence":{"state":"pre-added","who":["user:MCGeoffrey"],"prob":1}},"m_78":{"value":"3-Verbal Conflict","confidence":{"state":"pre-added","who":["user:MCGeoffrey"],"prob":1}},"m_79":{"value":"3-11 Disapprove","confidence":{"state":"pre-added","who":["user:MCGeoffrey"],"prob":1}},"m_80":{"value":"3-Verbal Conflict","confidence":{"state":"pre-added","who":["user:MCGeoffrey"],"prob":1}},"m_81":{"value":"3-11 Disapprove","confidence":{"state":"pre-added","who":["user:MCGeoffrey"],"prob":1}}},"entities":[{"classId":"e_93","part":"s1s2v1","offsets":[{"start":32,"text":"David Cameron"}],"coordinates":[],"confidence":{"state":"pre-added","who":["user:MCGeoffrey"],"prob":1},"fields":{},"normalizations":{}},{"classId":"e_116","part":"s1s2v1","offsets":[{"start":32,"text":"David Cameron"}],"coordinates":[],"confidence":{"state":"pre-added","who":["user:MCGeoffrey"],"prob":1},"fields":{},"normalizations":{}},{"classId":"e_94","part":"s1s2v1","offsets":[{"start":84,"text":"Muslim women"}],"coordinates":[],"confidence":{"state":"pre-added","who":["user:MCGeoffrey"],"prob":1},"fields":{},"normalizations":{}},{"classId":"e_115","part":"s1s2v1","offsets":[{"start":84,"text":"Muslim women"}],"coordinates":[],"confidence":{"state":"pre-added","who":["user:MCGeoffrey"],"prob":1},"fields":{},"normalizations":{}},{"classId":"e_95","part":"s1s2v1","offsets":[{"start":102,"text":"taken to Twitter to tell him"}],"coordinates":[],"confidence":{"state":"pre-added","who":["user:MCGeoffrey"],"prob":1},"fields":{},"normalizations":{}},{"classId":"e_92","part":"s1s2v1","offsets":[{"start":193,"text":"have portrayed"}],"coordinates":[],"confidence":{"state":"pre-added","who":["user:MCGeoffrey"],"prob":1},"fields":{},"normalizations":{}}],"relations":[{"classId":"r_126","type":"linked","directed":false,"entities":["s1s2v1|e_93|32,44","s1s2v1|e_92|193,206"],"confidence":{"state":"pre-added","who":["user:MCGeoffrey"],"prob":1}},{"classId":"r_128","type":"linked","directed":false,"entities":["s1s2v1|e_115|84,95","s1s2v1|e_95|102,129"],"confidence":{"state":"pre-added","who":["user:MCGeoffrey"],"prob":1}},{"classId":"r_134","type":"linked","directed":false,"entities":["s1s2v1|e_95|102,129","s1s2v1|e_93|32,44"],"confidence":{"state":"pre-added","who":["user:MCGeoffrey"],"prob":1}},{"classId":"r_142","type":"linked","directed":false,"entities":["s1s2v1|e_92|193,206","s1s2v1|e_115|84,95"],"confidence":{"state":"pre-added","who":["user:MCGeoffrey"],"prob":1}}]}