{"annotatable":{"parts":["s1s1h1","s1s1v1","s1s2h1","s1s2v1"]},"anncomplete":true,"sources":[],"metas":{},"entities":[{"classId":"e_93","part":"s1s2v1","offsets":[{"start":4,"text":"French Defence Minister"}],"coordinates":[],"confidence":{"state":"pre-added","who":["user:karinachavez"],"prob":1},"fields":{},"normalizations":{}},{"classId":"e_92","part":"s1s2v1","offsets":[{"start":28,"text":"says"}],"coordinates":[],"confidence":{"state":"pre-added","who":["user:karinachavez"],"prob":1},"fields":{"f_102":{"value":"0-1 Make Public Statement","confidence":{"state":"pre-added","who":["user:karinachavez"],"prob":1}},"f_30":{"value":"1-Verbal Cooperation","confidence":{"state":"pre-added","who":["user:karinachavez"],"prob":1}}},"normalizations":{}},{"classId":"e_94","part":"s1s2v1","offsets":[{"start":37,"text":"French journalists"}],"coordinates":[],"confidence":{"state":"pre-added","who":["user:karinachavez"],"prob":1},"fields":{},"normalizations":{}},{"classId":"e_92","part":"s1s2v1","offsets":[{"start":65,"text":"abducted"}],"coordinates":[],"confidence":{"state":"pre-added","who":["user:karinachavez"],"prob":1},"fields":{"f_102":{"value":"4-18 Assualt","confidence":{"state":"pre-added","who":["user:karinachavez"],"prob":1}},"f_30":{"value":"4-Material Conflict","confidence":{"state":"pre-added","who":["user:karinachavez"],"prob":1}}},"normalizations":{}},{"classId":"e_123","part":"s1s2v1","offsets":[{"start":77,"text":"Syria"}],"coordinates":[],"confidence":{"state":"pre-added","who":["user:karinachavez"],"prob":1},"fields":{},"normalizations":{}},{"classId":"e_124","part":"s1s2v1","offsets":[{"start":86,"text":"June"}],"coordinates":[],"confidence":{"state":"pre-added","who":["user:karinachavez"],"prob":1},"fields":{},"normalizations":{}}],"relations":[{"classId":"r_126","type":"linked","directed":false,"entities":["s1s2v1|e_93|4,26","s1s2v1|e_92|28,31"],"confidence":{"state":"pre-added","who":["user:karinachavez"],"prob":1}},{"classId":"r_127","type":"linked","directed":false,"entities":["s1s2v1|e_94|37,54","s1s2v1|e_92|65,72"],"confidence":{"state":"pre-added","who":["user:karinachavez"],"prob":1}}]}