{"annotatable":{"parts":["s1s1h1","s1s1v1","s1s2h1","s1s2v1"]},"anncomplete":true,"sources":[],"metas":{"m_42":{"value":true,"confidence":{"state":"pre-added","who":["user:msutd"],"prob":1}},"m_78":{"value":"3-Verbal Conflict","confidence":{"state":"pre-added","who":["user:msutd"],"prob":1}},"m_79":{"value":"3-11 Disapprove","confidence":{"state":"pre-added","who":["user:msutd"],"prob":1}},"m_80":{"value":"3-Verbal Conflict","confidence":{"state":"pre-added","who":["user:msutd"],"prob":1}},"m_81":{"value":"3-11 Disapprove","confidence":{"state":"pre-added","who":["user:msutd"],"prob":1}}},"entities":[{"classId":"e_94","part":"s1s2v1","offsets":[{"start":32,"text":"Judge"}],"coordinates":[],"confidence":{"state":"pre-added","who":["user:msutd"],"prob":1},"fields":{},"normalizations":{}},{"classId":"e_92","part":"s1s2v1","offsets":[{"start":40,"text":"impartiality might be in question"}],"coordinates":[],"confidence":{"state":"pre-added","who":["user:msutd"],"prob":1},"fields":{},"normalizations":{}},{"classId":"e_115","part":"s1s2v1","offsets":[{"start":146,"text":"defendant"}],"coordinates":[],"confidence":{"state":"pre-added","who":["user:msutd"],"prob":1},"fields":{},"normalizations":{}},{"classId":"e_95","part":"s1s2v1","offsets":[{"start":156,"text":"allegedly"}],"coordinates":[],"confidence":{"state":"pre-added","who":["user:msutd"],"prob":1},"fields":{},"normalizations":{}},{"classId":"e_95","part":"s1s2v1","offsets":[{"start":170,"text":"involved in crime"}],"coordinates":[],"confidence":{"state":"pre-added","who":["user:msutd"],"prob":1},"fields":{},"normalizations":{}},{"classId":"e_115","part":"s1s2v1","offsets":[{"start":188,"text":"Defendant James \"Whitey\" Bulger"}],"coordinates":[],"confidence":{"state":"pre-added","who":["user:msutd"],"prob":1},"fields":{},"normalizations":{}},{"classId":"e_95","part":"s1s2v1","offsets":[{"start":229,"text":"murder charges"}],"coordinates":[],"confidence":{"state":"pre-added","who":["user:msutd"],"prob":1},"fields":{},"normalizations":{}}],"relations":[{"classId":"r_127","type":"linked","directed":false,"entities":["s1s2v1|e_92|40,72","s1s2v1|e_94|32,36"],"confidence":{"state":"pre-added","who":["user:msutd"],"prob":1}},{"classId":"r_128","type":"linked","directed":false,"entities":["s1s2v1|e_115|146,154","s1s2v1|e_95|156,164"],"confidence":{"state":"pre-added","who":["user:msutd"],"prob":1}},{"classId":"r_128","type":"linked","directed":false,"entities":["s1s2v1|e_115|146,154","s1s2v1|e_95|170,186"],"confidence":{"state":"pre-added","who":["user:msutd"],"prob":1}},{"classId":"r_128","type":"linked","directed":false,"entities":["s1s2v1|e_115|146,154","s1s2v1|e_95|229,242"],"confidence":{"state":"pre-added","who":["user:msutd"],"prob":1}},{"classId":"r_128","type":"linked","directed":false,"entities":["s1s2v1|e_95|156,164","s1s2v1|e_115|188,218"],"confidence":{"state":"pre-added","who":["user:msutd"],"prob":1}},{"classId":"r_128","type":"linked","directed":false,"entities":["s1s2v1|e_95|170,186","s1s2v1|e_115|188,218"],"confidence":{"state":"pre-added","who":["user:msutd"],"prob":1}},{"classId":"r_128","type":"linked","directed":false,"entities":["s1s2v1|e_95|229,242","s1s2v1|e_115|188,218"],"confidence":{"state":"pre-added","who":["user:msutd"],"prob":1}}]}