{"annotatable":{"parts":["s1s1h1","s1s1v1","s1s2h1","s1s2v1"]},"anncomplete":true,"sources":[],"metas":{"m_42":{"value":true,"confidence":{"state":"pre-added","who":["user:prajaktiakarte"],"prob":1}},"m_78":{"value":"0-Make a Statement","confidence":{"state":"pre-added","who":["user:prajaktiakarte"],"prob":1}},"m_79":{"value":"0-1 Make Public Statement","confidence":{"state":"pre-added","who":["user:prajaktiakarte"],"prob":1}}},"entities":[{"classId":"e_93","part":"s1s2v1","offsets":[{"start":128,"text":"Peter Edelman"}],"coordinates":[],"confidence":{"state":"pre-added","who":["user:prajaktiakarte"],"prob":1},"fields":{},"normalizations":{}},{"classId":"e_92","part":"s1s2v1","offsets":[{"start":146,"text":"publically resigned"}],"coordinates":[],"confidence":{"state":"pre-added","who":["user:prajaktiakarte"],"prob":1},"fields":{},"normalizations":{}},{"classId":"e_94","part":"s1s2v1","offsets":[{"start":175,"text":"Clinton administration"}],"coordinates":[],"confidence":{"state":"pre-added","who":["user:prajaktiakarte"],"prob":1},"fields":{},"normalizations":{}}],"relations":[{"classId":"r_126","type":"linked","directed":false,"entities":["s1s2v1|e_93|128,140","s1s2v1|e_92|146,164"],"confidence":{"state":"pre-added","who":["user:prajaktiakarte"],"prob":1}},{"classId":"r_127","type":"linked","directed":false,"entities":["s1s2v1|e_92|146,164","s1s2v1|e_94|175,196"],"confidence":{"state":"pre-added","who":["user:prajaktiakarte"],"prob":1}}]}