{"annotatable":{"parts":["s1s1h1","s1s1v1","s1s2h1","s1s2v1"]},"anncomplete":true,"sources":[],"metas":{"m_42":{"value":true,"confidence":{"state":"pre-added","who":["user:prajaktiakarte"],"prob":1}},"m_78":{"value":"0-Make a Statement","confidence":{"state":"pre-added","who":["user:prajaktiakarte"],"prob":1}},"m_79":{"value":"0-1 Make Public Statement","confidence":{"state":"pre-added","who":["user:prajaktiakarte"],"prob":1}},"m_80":{"value":"3-Verbal Conflict","confidence":{"state":"pre-added","who":["user:prajaktiakarte"],"prob":1}},"m_81":{"value":"3-13 Threaten","confidence":{"state":"pre-added","who":["user:prajaktiakarte"],"prob":1}},"m_82":{"value":"4-Material Conflict","confidence":{"state":"pre-added","who":["user:prajaktiakarte"],"prob":1}},"m_83":{"value":"4-15 Exhibit Force Posture","confidence":{"state":"pre-added","who":["user:prajaktiakarte"],"prob":1}}},"entities":[{"classId":"e_93","part":"s1s2v1","offsets":[{"start":0,"text":"Prime Minister Abe"}],"coordinates":[],"confidence":{"state":"pre-added","who":["user:prajaktiakarte"],"prob":1},"fields":{},"normalizations":{}},{"classId":"e_115","part":"s1s2v1","offsets":[{"start":0,"text":"Prime Minister Abe"}],"coordinates":[],"confidence":{"state":"pre-added","who":["user:prajaktiakarte"],"prob":1},"fields":{},"normalizations":{}},{"classId":"e_92","part":"s1s2v1","offsets":[{"start":19,"text":"said"}],"coordinates":[],"confidence":{"state":"pre-added","who":["user:prajaktiakarte"],"prob":1},"fields":{},"normalizations":{}},{"classId":"e_95","part":"s1s2v1","offsets":[{"start":62,"text":"hardened his resolve to \"firmly deal\" with"}],"coordinates":[],"confidence":{"state":"pre-added","who":["user:prajaktiakarte"],"prob":1},"fields":{},"normalizations":{}},{"classId":"e_116","part":"s1s2v1","offsets":[{"start":105,"text":"North Korea"}],"coordinates":[],"confidence":{"state":"pre-added","who":["user:prajaktiakarte"],"prob":1},"fields":{},"normalizations":{}},{"classId":"e_118","part":"s1s2v1","offsets":[{"start":105,"text":"North Korea"}],"coordinates":[],"confidence":{"state":"pre-added","who":["user:prajaktiakarte"],"prob":1},"fields":{},"normalizations":{}},{"classId":"e_117","part":"s1s2v1","offsets":[{"start":134,"text":"nuclear and missile tests that angered"}],"coordinates":[],"confidence":{"state":"pre-added","who":["user:prajaktiakarte"],"prob":1},"fields":{},"normalizations":{}},{"classId":"e_119","part":"s1s2v1","offsets":[{"start":173,"text":"Pacific region neighbors"}],"coordinates":[],"confidence":{"state":"pre-added","who":["user:prajaktiakarte"],"prob":1},"fields":{},"normalizations":{}}],"relations":[{"classId":"r_126","type":"linked","directed":false,"entities":["s1s2v1|e_93|0,17","s1s2v1|e_92|19,22"],"confidence":{"state":"pre-added","who":["user:prajaktiakarte"],"prob":1}},{"classId":"r_129","type":"linked","directed":false,"entities":["s1s2v1|e_95|62,103","s1s2v1|e_116|105,115"],"confidence":{"state":"pre-added","who":["user:prajaktiakarte"],"prob":1}},{"classId":"r_130","type":"linked","directed":false,"entities":["s1s2v1|e_118|105,115","s1s2v1|e_117|134,171"],"confidence":{"state":"pre-added","who":["user:prajaktiakarte"],"prob":1}},{"classId":"r_131","type":"linked","directed":false,"entities":["s1s2v1|e_117|134,171","s1s2v1|e_119|173,196"],"confidence":{"state":"pre-added","who":["user:prajaktiakarte"],"prob":1}},{"classId":"r_134","type":"linked","directed":false,"entities":["s1s2v1|e_93|0,17","s1s2v1|e_95|62,103"],"confidence":{"state":"pre-added","who":["user:prajaktiakarte"],"prob":1}}]}