{
  "e_121" : "Source-4",
  "e_116" : "Target-2",
  "r_128" : "3o64rwgu9qk(e_115|e_95)",
  "r_137" : "9y9xhoqb2bd(e_92|e_116)",
  "f_102" : "CAMEO",
  "m_82" : "Action3-PentaClass",
  "r_133" : "fyx9lr1lor0(e_120|e_122)",
  "e_93" : "Source-1",
  "m_125" : "Action4_CAMEO",
  "m_59" : "Comments",
  "e_115" : "Source-2",
  "m_42" : "1_Relevant",
  "e_122" : "Target-4",
  "r_129" : "w9k9y68lekr(e_95|e_116)",
  "m_103" : "Action4-PentaClass",
  "r_136" : "sn479mdet0c(e_93|e_120)",
  "e_92" : "Action-1",
  "e_119" : "Target-3",
  "r_132" : "8aehmaobsme(e_121|e_120)",
  "r_135" : "smeh8mfuha0(e_93|e_117)",
  "e_123" : "Location",
  "e_118" : "Source-3",
  "e_124" : "Time",
  "r_138" : "4ts2vbfddwe(e_92|e_119)",
  "f_77" : "Location",
  "m_80" : "Action2-PentaClass",
  "r_131" : "26ix6vvapeb(e_117|e_119)",
  "r_126" : "mep38l7nsx0(e_93|e_92)",
  "e_94" : "Target-1",
  "r_134" : "irofi9htud0(e_93|e_95)",
  "m_79" : "Action1_CAMEO",
  "e_120" : "Action-4",
  "e_117" : "Action-3",
  "m_78" : "Action1-PentaClass",
  "r_127" : "aaah53bzr4t(e_92|e_94)",
  "r_139" : "qcj0sy5h7ig(e_92|e_122)",
  "m_83" : "Action3_CAMEO",
  "r_130" : "gbel7n71le7(e_118|e_117)",
  "e_95" : "Action-2",
  "f_30" : "PentaCode",
  "m_81" : "Action2_CAMEO"
}