{"annotatable":{"parts":["s1s1h1","s1s1v1","s1s2h1","s1s2v1"]},"anncomplete":true,"sources":[],"metas":{"m_78":{"value":"0-Make a Statement","confidence":{"state":"pre-added","who":["user:Jenniyie"],"prob":1}},"m_79":{"value":"0-1 Make Public Statement","confidence":{"state":"pre-added","who":["user:Jenniyie"],"prob":1}},"m_80":{"value":"3-Verbal Conflict","confidence":{"state":"pre-added","who":["user:Jenniyie"],"prob":1}},"m_81":{"value":"3-12 Reject","confidence":{"state":"pre-added","who":["user:Jenniyie"],"prob":1}},"m_42":{"value":true,"confidence":{"state":"pre-added","who":["user:Jenniyie"],"prob":1}}},"entities":[{"classId":"e_93","part":"s1s2v1","offsets":[{"start":102,"text":"former national security adviser Mike Flynn"}],"coordinates":[],"confidence":{"state":"pre-added","who":["user:Jenniyie"],"prob":1},"fields":{},"normalizations":{}},{"classId":"e_93","part":"s1s2v1","offsets":[{"start":175,"text":"Mr. Flynn"}],"coordinates":[],"confidence":{"state":"pre-added","who":["user:Jenniyie"],"prob":1},"fields":{},"normalizations":{}},{"classId":"e_92","part":"s1s2v1","offsets":[{"start":185,"text":"said"}],"coordinates":[],"confidence":{"state":"pre-added","who":["user:Jenniyie"],"prob":1},"fields":{},"normalizations":{}},{"classId":"e_95","part":"s1s2v1","offsets":[{"start":185,"text":"said the deal was off"}],"coordinates":[],"confidence":{"state":"pre-added","who":["user:Jenniyie"],"prob":1},"fields":{},"normalizations":{}}],"relations":[{"classId":"r_126","type":"linked","directed":false,"entities":["s1s2v1|e_93|175,183","s1s2v1|e_92|185,188"],"confidence":{"state":"pre-added","who":["user:Jenniyie"],"prob":1}},{"classId":"r_126","type":"linked","directed":false,"entities":["s1s2v1|e_92|185,188","s1s2v1|e_93|102,144"],"confidence":{"state":"pre-added","who":["user:Jenniyie"],"prob":1}},{"classId":"r_134","type":"linked","directed":false,"entities":["s1s2v1|e_93|102,144","s1s2v1|e_95|185,205"],"confidence":{"state":"pre-added","who":["user:Jenniyie"],"prob":1}}]}