{"annotatable":{"parts":["s1s1h1","s1s1v1","s1s2h1","s1s2v1"]},"anncomplete":true,"sources":[],"metas":{"m_42":{"value":true,"confidence":{"state":"pre-added","who":["user:Jenniyie"],"prob":1}},"m_78":{"value":"4-Material Conflict","confidence":{"state":"pre-added","who":["user:Jenniyie"],"prob":1}},"m_79":{"value":"4-18 Assualt","confidence":{"state":"pre-added","who":["user:Jenniyie"],"prob":1}},"m_80":{"value":"4-Material Conflict","confidence":{"state":"pre-added","who":["user:Jenniyie"],"prob":1}},"m_81":{"value":"4-18 Assualt","confidence":{"state":"pre-added","who":["user:Jenniyie"],"prob":1}},"m_82":{"value":"4-Material Conflict","confidence":{"state":"pre-added","who":["user:Jenniyie"],"prob":1}},"m_83":{"value":"4-18 Assualt","confidence":{"state":"pre-added","who":["user:Jenniyie"],"prob":1}}},"entities":[{"classId":"e_123","part":"s1s2v1","offsets":[{"start":0,"text":"MINGORA, Pakistan"}],"coordinates":[],"confidence":{"state":"pre-added","who":["user:Jenniyie"],"prob":1},"fields":{},"normalizations":{}},{"classId":"e_93","part":"s1s2v1","offsets":[{"start":32,"text":"suicide bomber"}],"coordinates":[],"confidence":{"state":"pre-added","who":["user:Jenniyie"],"prob":1},"fields":{},"normalizations":{}},{"classId":"e_92","part":"s1s2v1","offsets":[{"start":47,"text":"killed"}],"coordinates":[],"confidence":{"state":"pre-added","who":["user:Jenniyie"],"prob":1},"fields":{},"normalizations":{}},{"classId":"e_94","part":"s1s2v1","offsets":[{"start":59,"text":"people"}],"coordinates":[],"confidence":{"state":"pre-added","who":["user:Jenniyie"],"prob":1},"fields":{},"normalizations":{}},{"classId":"e_95","part":"s1s2v1","offsets":[{"start":70,"text":"wounded"}],"coordinates":[],"confidence":{"state":"pre-added","who":["user:Jenniyie"],"prob":1},"fields":{},"normalizations":{}},{"classId":"e_117","part":"s1s2v1","offsets":[{"start":87,"text":"attack"}],"coordinates":[],"confidence":{"state":"pre-added","who":["user:Jenniyie"],"prob":1},"fields":{},"normalizations":{}},{"classId":"e_116","part":"s1s2v1","offsets":[{"start":99,"text":"security forces' convoy"}],"coordinates":[],"confidence":{"state":"pre-added","who":["user:Jenniyie"],"prob":1},"fields":{},"normalizations":{}}],"relations":[{"classId":"r_126","type":"linked","directed":false,"entities":["s1s2v1|e_93|32,45","s1s2v1|e_92|47,52"],"confidence":{"state":"pre-added","who":["user:Jenniyie"],"prob":1}},{"classId":"r_127","type":"linked","directed":false,"entities":["s1s2v1|e_92|47,52","s1s2v1|e_94|59,64"],"confidence":{"state":"pre-added","who":["user:Jenniyie"],"prob":1}},{"classId":"r_135","type":"linked","directed":false,"entities":["s1s2v1|e_117|87,92","s1s2v1|e_93|32,45"],"confidence":{"state":"pre-added","who":["user:Jenniyie"],"prob":1}},{"classId":"r_145","type":"linked","directed":false,"entities":["s1s2v1|e_95|70,76","s1s2v1|e_94|59,64"],"confidence":{"state":"pre-added","who":["user:Jenniyie"],"prob":1}}]}