{"annotatable":{"parts":["s1s1h1","s1s1v1","s1s2h1","s1s2v1"]},"anncomplete":true,"sources":[],"metas":{"m_42":{"value":true,"confidence":{"state":"pre-added","who":["user:Jenniyie"],"prob":1}},"m_78":{"value":"4-Material Conflict","confidence":{"state":"pre-added","who":["user:Jenniyie"],"prob":1}},"m_79":{"value":"4-17 Coerce","confidence":{"state":"pre-added","who":["user:Jenniyie"],"prob":1}},"m_80":{"value":"4-Material Conflict","confidence":{"state":"pre-added","who":["user:Jenniyie"],"prob":1}},"m_81":{"value":"4-18 Assualt","confidence":{"state":"pre-added","who":["user:Jenniyie"],"prob":1}}},"entities":[{"classId":"e_94","part":"s1s2v1","offsets":[{"start":2,"text":"prominent Mexican suspected of being a major drug trafficker"}],"coordinates":[],"confidence":{"state":"pre-added","who":["user:Jenniyie"],"prob":1},"fields":{},"normalizations":{}},{"classId":"e_123","part":"s1s2v1","offsets":[{"start":76,"text":"Los Angeles"}],"coordinates":[],"confidence":{"state":"pre-added","who":["user:Jenniyie"],"prob":1},"fields":{},"normalizations":{}},{"classId":"e_124","part":"s1s2v1","offsets":[{"start":99,"text":"today"}],"coordinates":[],"confidence":{"state":"pre-added","who":["user:Jenniyie"],"prob":1},"fields":{},"normalizations":{}},{"classId":"e_92","part":"s1s2v1","offsets":[{"start":113,"text":"held as a material witness"}],"coordinates":[],"confidence":{"state":"pre-added","who":["user:Jenniyie"],"prob":1},"fields":{},"normalizations":{}},{"classId":"e_95","part":"s1s2v1","offsets":[{"start":152,"text":"kidnap-murder"}],"coordinates":[],"confidence":{"state":"pre-added","who":["user:Jenniyie"],"prob":1},"fields":{},"normalizations":{}},{"classId":"e_94","part":"s1s2v1","offsets":[{"start":169,"text":"U.S. narcotics agent"}],"coordinates":[],"confidence":{"state":"pre-added","who":["user:Jenniyie"],"prob":1},"fields":{},"normalizations":{}}],"relations":[]}