{"annotatable":{"parts":["s1s1h1","s1s1v1","s1s2h1","s1s2v1"]},"anncomplete":true,"sources":[],"metas":{"m_42":{"value":true,"confidence":{"state":"pre-added","who":["user:Jenniyie"],"prob":1}},"m_78":{"value":"3-Verbal Conflict","confidence":{"state":"pre-added","who":["user:Jenniyie"],"prob":1}},"m_79":{"value":"3-10 Demand","confidence":{"state":"pre-added","who":["user:Jenniyie"],"prob":1}},"m_80":{"value":"3-Verbal Conflict","confidence":{"state":"pre-added","who":["user:Jenniyie"],"prob":1}},"m_81":{"value":"3-9 Investigate","confidence":{"state":"pre-added","who":["user:Jenniyie"],"prob":1}}},"entities":[{"classId":"e_93","part":"s1s2v1","offsets":[{"start":13,"text":"National Human Rights Commission"}],"coordinates":[],"confidence":{"state":"pre-added","who":["user:Jenniyie"],"prob":1},"fields":{},"normalizations":{}},{"classId":"e_93","part":"s1s2v1","offsets":[{"start":47,"text":"NHRC"}],"coordinates":[],"confidence":{"state":"pre-added","who":["user:Jenniyie"],"prob":1},"fields":{},"normalizations":{}},{"classId":"e_92","part":"s1s2v1","offsets":[{"start":57,"text":"directed"}],"coordinates":[],"confidence":{"state":"pre-added","who":["user:Jenniyie"],"prob":1},"fields":{},"normalizations":{}},{"classId":"e_94","part":"s1s2v1","offsets":[{"start":70,"text":"state government"}],"coordinates":[],"confidence":{"state":"pre-added","who":["user:Jenniyie"],"prob":1},"fields":{},"normalizations":{}},{"classId":"e_116","part":"s1s2v1","offsets":[{"start":116,"text":"probe into murder of undertrial prisoner (UTP) Kalia Swain"}],"coordinates":[],"confidence":{"state":"pre-added","who":["user:Jenniyie"],"prob":1},"fields":{},"normalizations":{}}],"relations":[{"classId":"r_126","type":"linked","directed":false,"entities":["s1s2v1|e_93|13,44","s1s2v1|e_92|57,64"],"confidence":{"state":"pre-added","who":["user:Jenniyie"],"prob":1}},{"classId":"r_127","type":"linked","directed":false,"entities":["s1s2v1|e_94|70,85","s1s2v1|e_92|57,64"],"confidence":{"state":"pre-added","who":["user:Jenniyie"],"prob":1}},{"classId":"r_137","type":"linked","directed":false,"entities":["s1s2v1|e_116|116,173","s1s2v1|e_92|57,64"],"confidence":{"state":"pre-added","who":["user:Jenniyie"],"prob":1}}]}