{"annotatable":{"parts":["s1s1h1","s1s1v1","s1s2h1","s1s2v1"]},"anncomplete":true,"sources":[],"metas":{"m_42":{"value":true,"confidence":{"state":"pre-added","who":["user:prajaktiakarte"],"prob":1}},"m_78":{"value":"4-Material Conflict","confidence":{"state":"pre-added","who":["user:prajaktiakarte"],"prob":1}},"m_79":{"value":"4-17 Coerce","confidence":{"state":"pre-added","who":["user:prajaktiakarte"],"prob":1}},"m_80":{"value":"4-Material Conflict","confidence":{"state":"pre-added","who":["user:prajaktiakarte"],"prob":1}},"m_81":{"value":"4-18 Assualt","confidence":{"state":"pre-added","who":["user:prajaktiakarte"],"prob":1}}},"entities":[{"classId":"e_94","part":"s1s2v1","offsets":[{"start":0,"text":"Four men"}],"coordinates":[],"confidence":{"state":"pre-added","who":["user:prajaktiakarte"],"prob":1},"fields":{},"normalizations":{}},{"classId":"e_115","part":"s1s2v1","offsets":[{"start":0,"text":"Four men"}],"coordinates":[],"confidence":{"state":"pre-added","who":["user:prajaktiakarte"],"prob":1},"fields":{},"normalizations":{}},{"classId":"e_92","part":"s1s2v1","offsets":[{"start":14,"text":"indicted"}],"coordinates":[],"confidence":{"state":"pre-added","who":["user:prajaktiakarte"],"prob":1},"fields":{},"normalizations":{}},{"classId":"e_93","part":"s1s2v1","offsets":[{"start":28,"text":"federal grand jury"}],"coordinates":[],"confidence":{"state":"pre-added","who":["user:prajaktiakarte"],"prob":1},"fields":{},"normalizations":{}},{"classId":"e_123","part":"s1s2v1","offsets":[{"start":50,"text":"Brooklyn"}],"coordinates":[],"confidence":{"state":"pre-added","who":["user:prajaktiakarte"],"prob":1},"fields":{},"normalizations":{}},{"classId":"e_124","part":"s1s2v1","offsets":[{"start":59,"text":"Friday"}],"coordinates":[],"confidence":{"state":"pre-added","who":["user:prajaktiakarte"],"prob":1},"fields":{},"normalizations":{}},{"classId":"e_95","part":"s1s2v1","offsets":[{"start":81,"text":"plot to blow up"}],"coordinates":[],"confidence":{"state":"pre-added","who":["user:prajaktiakarte"],"prob":1},"fields":{},"normalizations":{}},{"classId":"e_116","part":"s1s2v1","offsets":[{"start":97,"text":"New York's John F. Kennedy International Airport."}],"coordinates":[],"confidence":{"state":"pre-added","who":["user:prajaktiakarte"],"prob":1},"fields":{},"normalizations":{}}],"relations":[{"classId":"r_126","type":"linked","directed":false,"entities":["s1s2v1|e_92|14,21","s1s2v1|e_93|28,45"],"confidence":{"state":"pre-added","who":["user:prajaktiakarte"],"prob":1}},{"classId":"r_127","type":"linked","directed":false,"entities":["s1s2v1|e_94|0,7","s1s2v1|e_92|14,21"],"confidence":{"state":"pre-added","who":["user:prajaktiakarte"],"prob":1}},{"classId":"r_128","type":"linked","directed":false,"entities":["s1s2v1|e_115|0,7","s1s2v1|e_95|81,95"],"confidence":{"state":"pre-added","who":["user:prajaktiakarte"],"prob":1}},{"classId":"r_129","type":"linked","directed":false,"entities":["s1s2v1|e_95|81,95","s1s2v1|e_116|97,145"],"confidence":{"state":"pre-added","who":["user:prajaktiakarte"],"prob":1}}]}