{"annotatable":{"parts":["s1s1h1","s1s1v1","s1s2h1","s1s2v1"]},"anncomplete":true,"sources":[],"metas":{"m_42":{"value":true,"confidence":{"state":"pre-added","who":["user:MCGeoffrey"],"prob":1}},"m_78":{"value":"4-Material Conflict","confidence":{"state":"pre-added","who":["user:MCGeoffrey"],"prob":1}},"m_79":{"value":"4-17 Coerce","confidence":{"state":"pre-added","who":["user:MCGeoffrey"],"prob":1}}},"entities":[{"classId":"e_92","part":"s1s2v1","offsets":[{"start":65,"text":"triggered the arrest"}],"coordinates":[],"confidence":{"state":"pre-added","who":["user:MCGeoffrey"],"prob":1},"fields":{},"normalizations":{}},{"classId":"e_94","part":"s1s2v1","offsets":[{"start":89,"text":"tycoons"}],"coordinates":[],"confidence":{"state":"pre-added","who":["user:MCGeoffrey"],"prob":1},"fields":{},"normalizations":{}}],"relations":[{"classId":"r_127","type":"linked","directed":false,"entities":["s1s2v1|e_92|65,84","s1s2v1|e_94|89,95"],"confidence":{"state":"pre-added","who":["user:MCGeoffrey"],"prob":1}}]}