{"annotatable":{"parts":["s1s1h1","s1s1v1","s1s2h1","s1s2v1"]},"anncomplete":true,"sources":[],"metas":{"m_42":{"value":true,"confidence":{"state":"pre-added","who":["user:msutd"],"prob":1}},"m_78":{"value":"3-Verbal Conflict","confidence":{"state":"pre-added","who":["user:msutd"],"prob":1}},"m_79":{"value":"3-11 Disapprove","confidence":{"state":"pre-added","who":["user:msutd"],"prob":1}}},"entities":[{"classId":"e_94","part":"s1s2v1","offsets":[{"start":32,"text":"Judge"}],"coordinates":[],"confidence":{"state":"pre-added","who":["user:msutd"],"prob":1},"fields":{},"normalizations":{}},{"classId":"e_92","part":"s1s2v1","offsets":[{"start":40,"text":"impartiality might be in question"}],"coordinates":[],"confidence":{"state":"pre-added","who":["user:msutd"],"prob":1},"fields":{},"normalizations":{}}],"relations":[{"classId":"r_127","type":"linked","directed":false,"entities":["s1s2v1|e_92|40,72","s1s2v1|e_94|32,36"],"confidence":{"state":"pre-added","who":["user:msutd"],"prob":1}}]}