{"annotatable":{"parts":["s1s1h1","s1s1v1","s1s2h1","s1s2v1"]},"anncomplete":true,"sources":[],"metas":{"m_42":{"value":true,"confidence":{"state":"pre-added","who":["user:karinachavez"],"prob":1}},"m_78":{"value":"4-Material Conflict","confidence":{"state":"pre-added","who":["user:karinachavez"],"prob":1}},"m_79":{"value":"4-17 Coerce","confidence":{"state":"pre-added","who":["user:karinachavez"],"prob":1}},"m_80":{"value":"4-Material Conflict","confidence":{"state":"pre-added","who":["user:karinachavez"],"prob":1}},"m_81":{"value":"4-18 Assualt","confidence":{"state":"pre-added","who":["user:karinachavez"],"prob":1}}},"entities":[{"classId":"e_93","part":"s1s2v1","offsets":[{"start":0,"text":"President Donald Trump"}],"coordinates":[],"confidence":{"state":"pre-added","who":["user:karinachavez"],"prob":1},"fields":{},"normalizations":{}},{"classId":"e_92","part":"s1s2v1","offsets":[{"start":23,"text":"talks"}],"coordinates":[],"confidence":{"state":"pre-added","who":["user:karinachavez"],"prob":1},"fields":{},"normalizations":{}},{"classId":"e_94","part":"s1s2v1","offsets":[{"start":34,"text":"House Speaker Paul Ryan"}],"coordinates":[],"confidence":{"state":"pre-added","who":["user:karinachavez"],"prob":1},"fields":{},"normalizations":{}},{"classId":"e_95","part":"s1s2v1","offsets":[{"start":71,"text":"promotes a newly unveiled Republican tax plan"}],"coordinates":[],"confidence":{"state":"pre-added","who":["user:karinachavez"],"prob":1},"fields":{},"normalizations":{}},{"classId":"e_116","part":"s1s2v1","offsets":[{"start":122,"text":"House Republican leaders"}],"coordinates":[],"confidence":{"state":"pre-added","who":["user:karinachavez"],"prob":1},"fields":{},"normalizations":{}},{"classId":"e_123","part":"s1s2v1","offsets":[{"start":189,"text":"Washington"}],"coordinates":[],"confidence":{"state":"pre-added","who":["user:karinachavez"],"prob":1},"fields":{},"normalizations":{}},{"classId":"e_124","part":"s1s2v1","offsets":[{"start":201,"text":"November 2, 2017"}],"coordinates":[],"confidence":{"state":"pre-added","who":["user:karinachavez"],"prob":1},"fields":{},"normalizations":{}}],"relations":[]}