{"annotatable":{"parts":["s1s1h1","s1s1v1","s1s2h1","s1s2v1"]},"anncomplete":true,"sources":[],"metas":{"m_42":{"value":true,"confidence":{"state":"pre-added","who":["user:karinachavez"],"prob":1}},"m_79":{"value":"1-4 Consult","confidence":{"state":"pre-added","who":["user:karinachavez"],"prob":1}},"m_81":{"value":"4-18 Assualt","confidence":{"state":"pre-added","who":["user:karinachavez"],"prob":1}},"m_78":{"value":"1-Verbal Cooperation","confidence":{"state":"pre-added","who":["user:karinachavez"],"prob":1}},"m_80":{"value":"4-Material Conflict","confidence":{"state":"pre-added","who":["user:karinachavez"],"prob":1}}},"entities":[{"classId":"e_123","part":"s1s2v1","offsets":[{"start":0,"text":"CUTTACK"}],"coordinates":[],"confidence":{"state":"pre-added","who":["user:karinachavez"],"prob":1},"fields":{},"normalizations":{}},{"classId":"e_93","part":"s1s2v1","offsets":[{"start":13,"text":"National Human Rights Commission"}],"coordinates":[],"confidence":{"state":"pre-added","who":["user:karinachavez"],"prob":1},"fields":{},"normalizations":{}},{"classId":"e_93","part":"s1s2v1","offsets":[{"start":47,"text":"NHRC"}],"coordinates":[],"confidence":{"state":"pre-added","who":["user:karinachavez"],"prob":1},"fields":{},"normalizations":{}},{"classId":"e_92","part":"s1s2v1","offsets":[{"start":57,"text":"directed"}],"coordinates":[],"confidence":{"state":"pre-added","who":["user:karinachavez"],"prob":1},"fields":{},"normalizations":{}},{"classId":"e_94","part":"s1s2v1","offsets":[{"start":70,"text":"state government"}],"coordinates":[],"confidence":{"state":"pre-added","who":["user:karinachavez"],"prob":1},"fields":{},"normalizations":{}},{"classId":"e_92","part":"s1s2v1","offsets":[{"start":90,"text":"order a Crime Branch"}],"coordinates":[],"confidence":{"state":"pre-added","who":["user:karinachavez"],"prob":1},"fields":{},"normalizations":{}},{"classId":"e_92","part":"s1s2v1","offsets":[{"start":112,"text":"CB"}],"coordinates":[],"confidence":{"state":"pre-added","who":["user:karinachavez"],"prob":1},"fields":{},"normalizations":{}},{"classId":"e_92","part":"s1s2v1","offsets":[{"start":116,"text":"probe"}],"coordinates":[],"confidence":{"state":"pre-added","who":["user:karinachavez"],"prob":1},"fields":{},"normalizations":{}},{"classId":"e_92","part":"s1s2v1","offsets":[{"start":127,"text":"murder"}],"coordinates":[],"confidence":{"state":"pre-added","who":["user:karinachavez"],"prob":1},"fields":{},"normalizations":{}},{"classId":"e_94","part":"s1s2v1","offsets":[{"start":137,"text":"undertrial prisoner"}],"coordinates":[],"confidence":{"state":"pre-added","who":["user:karinachavez"],"prob":1},"fields":{},"normalizations":{}},{"classId":"e_94","part":"s1s2v1","offsets":[{"start":158,"text":"UTP"}],"coordinates":[],"confidence":{"state":"pre-added","who":["user:karinachavez"],"prob":1},"fields":{},"normalizations":{}}],"relations":[{"classId":"r_126","type":"linked","directed":false,"entities":["s1s2v1|e_93|13,44","s1s2v1|e_92|57,64"],"confidence":{"state":"pre-added","who":["user:karinachavez"],"prob":1}},{"classId":"r_127","type":"linked","directed":false,"entities":["s1s2v1|e_92|57,64","s1s2v1|e_94|70,85"],"confidence":{"state":"pre-added","who":["user:karinachavez"],"prob":1}},{"classId":"r_127","type":"linked","directed":false,"entities":["s1s2v1|e_94|70,85","s1s2v1|e_92|90,109"],"confidence":{"state":"pre-added","who":["user:karinachavez"],"prob":1}}]}