{"annotatable":{"parts":["s1s1h1","s1s1v1","s1s2h1","s1s2v1"]},"anncomplete":true,"sources":[],"metas":{"m_78":{"value":"4-Material Conflict","confidence":{"state":"pre-added","who":["user:karinachavez"],"prob":1}},"m_79":{"value":"4-17 Coerce","confidence":{"state":"pre-added","who":["user:karinachavez"],"prob":1}},"m_80":{"value":"4-Material Conflict","confidence":{"state":"pre-added","who":["user:karinachavez"],"prob":1}},"m_81":{"value":"4-17 Coerce","confidence":{"state":"pre-added","who":["user:karinachavez"],"prob":1}},"m_42":{"value":true,"confidence":{"state":"pre-added","who":["user:karinachavez"],"prob":1}}},"entities":[{"classId":"e_93","part":"s1s2v1","offsets":[{"start":49,"text":"Anaheim police"}],"coordinates":[],"confidence":{"state":"pre-added","who":["user:karinachavez"],"prob":1},"fields":{},"normalizations":{}},{"classId":"e_92","part":"s1s2v1","offsets":[{"start":94,"text":"seizure"}],"coordinates":[],"confidence":{"state":"pre-added","who":["user:karinachavez"],"prob":1},"fields":{},"normalizations":{}},{"classId":"e_123","part":"s1s2v1","offsets":[{"start":105,"text":"Mission Viejo"}],"coordinates":[],"confidence":{"state":"pre-added","who":["user:karinachavez"],"prob":1},"fields":{},"normalizations":{}},{"classId":"e_94","part":"s1s2v1","offsets":[{"start":136,"text":"cocaine"}],"coordinates":[],"confidence":{"state":"pre-added","who":["user:karinachavez"],"prob":1},"fields":{},"normalizations":{}},{"classId":"e_94","part":"s1s2v1","offsets":[{"start":156,"text":"cash"}],"coordinates":[],"confidence":{"state":"pre-added","who":["user:karinachavez"],"prob":1},"fields":{},"normalizations":{}},{"classId":"e_95","part":"s1s2v1","offsets":[{"start":169,"text":"arrests"}],"coordinates":[],"confidence":{"state":"pre-added","who":["user:karinachavez"],"prob":1},"fields":{},"normalizations":{}},{"classId":"e_116","part":"s1s2v1","offsets":[{"start":185,"text":"people in connection with an alleged drug trafficking ring"}],"coordinates":[],"confidence":{"state":"pre-added","who":["user:karinachavez"],"prob":1},"fields":{},"normalizations":{}}],"relations":[{"classId":"r_126","type":"linked","directed":false,"entities":["s1s2v1|e_93|49,62","s1s2v1|e_92|94,100"],"confidence":{"state":"pre-added","who":["user:karinachavez"],"prob":1}},{"classId":"r_129","type":"linked","directed":false,"entities":["s1s2v1|e_95|169,175","s1s2v1|e_116|185,242"],"confidence":{"state":"pre-added","who":["user:karinachavez"],"prob":1}}]}