{"annotatable":{"parts":["s1s1h1","s1s1v1","s1s2h1","s1s2v1"]},"anncomplete":true,"sources":[],"metas":{"m_42":{"value":true,"confidence":{"state":"pre-added","who":["user:MCGeoffrey"],"prob":1}},"m_78":{"value":"4-Material Conflict","confidence":{"state":"pre-added","who":["user:MCGeoffrey"],"prob":1}},"m_79":{"value":"4-17 Coerce","confidence":{"state":"pre-added","who":["user:MCGeoffrey"],"prob":1}},"m_80":{"value":"0-Make a Statement","confidence":{"state":"pre-added","who":["user:MCGeoffrey"],"prob":1}},"m_81":{"value":"0-1 Make Public Statement","confidence":{"state":"pre-added","who":["user:MCGeoffrey"],"prob":1}}},"entities":[{"classId":"e_93","part":"s1s2v1","offsets":[{"start":45,"text":"former foreign secretary Jack Straw"}],"coordinates":[],"confidence":{"state":"pre-added","who":["user:MCGeoffrey"],"prob":1},"fields":{},"normalizations":{}},{"classId":"e_92","part":"s1s2v1","offsets":[{"start":132,"text":"abduction"}],"coordinates":[],"confidence":{"state":"pre-added","who":["user:MCGeoffrey"],"prob":1},"fields":{},"normalizations":{}},{"classId":"e_92","part":"s1s2v1","offsets":[{"start":146,"text":"torture"}],"coordinates":[],"confidence":{"state":"pre-added","who":["user:MCGeoffrey"],"prob":1},"fields":{},"normalizations":{}},{"classId":"e_94","part":"s1s2v1","offsets":[{"start":159,"text":"Libyan dissident"}],"coordinates":[],"confidence":{"state":"pre-added","who":["user:MCGeoffrey"],"prob":1},"fields":{},"normalizations":{}},{"classId":"e_94","part":"s1s2v1","offsets":[{"start":184,"text":"pregnant wife"}],"coordinates":[],"confidence":{"state":"pre-added","who":["user:MCGeoffrey"],"prob":1},"fields":{},"normalizations":{}},{"classId":"e_115","part":"s1s2v1","offsets":[{"start":201,"text":"ruling"}],"coordinates":[],"confidence":{"state":"pre-added","who":["user:MCGeoffrey"],"prob":1},"fields":{},"normalizations":{}},{"classId":"e_95","part":"s1s2v1","offsets":[{"start":212,"text":"said"}],"coordinates":[],"confidence":{"state":"pre-added","who":["user:MCGeoffrey"],"prob":1},"fields":{},"normalizations":{}}],"relations":[{"classId":"r_126","type":"linked","directed":false,"entities":["s1s2v1|e_93|45,79","s1s2v1|e_92|132,140"],"confidence":{"state":"pre-added","who":["user:MCGeoffrey"],"prob":1}},{"classId":"r_126","type":"linked","directed":false,"entities":["s1s2v1|e_93|45,79","s1s2v1|e_92|146,152"],"confidence":{"state":"pre-added","who":["user:MCGeoffrey"],"prob":1}},{"classId":"r_127","type":"linked","directed":false,"entities":["s1s2v1|e_92|132,140","s1s2v1|e_94|159,174"],"confidence":{"state":"pre-added","who":["user:MCGeoffrey"],"prob":1}},{"classId":"r_127","type":"linked","directed":false,"entities":["s1s2v1|e_92|132,140","s1s2v1|e_94|184,196"],"confidence":{"state":"pre-added","who":["user:MCGeoffrey"],"prob":1}},{"classId":"r_127","type":"linked","directed":false,"entities":["s1s2v1|e_92|146,152","s1s2v1|e_94|159,174"],"confidence":{"state":"pre-added","who":["user:MCGeoffrey"],"prob":1}},{"classId":"r_127","type":"linked","directed":false,"entities":["s1s2v1|e_92|146,152","s1s2v1|e_94|184,196"],"confidence":{"state":"pre-added","who":["user:MCGeoffrey"],"prob":1}}]}