{"annotatable":{"parts":["s1s1h1","s1s1v1","s1s2h1","s1s2v1"]},"anncomplete":true,"sources":[],"metas":{"m_42":{"value":true,"confidence":{"state":"pre-added","who":["user:Jenniyie"],"prob":1}},"m_78":{"value":"4-Material Conflict","confidence":{"state":"pre-added","who":["user:Jenniyie"],"prob":1}},"m_79":{"value":"3-16 Reduce Relations","confidence":{"state":"pre-added","who":["user:Jenniyie"],"prob":1}}},"entities":[{"classId":"e_94","part":"s1s2v1","offsets":[{"start":0,"text":"Pro-democracy activist"}],"coordinates":[],"confidence":{"state":"pre-added","who":["user:Jenniyie"],"prob":1},"fields":{},"normalizations":{}},{"classId":"e_124","part":"s1s2v1","offsets":[{"start":43,"text":"Tuesday"}],"coordinates":[],"confidence":{"state":"pre-added","who":["user:Jenniyie"],"prob":1},"fields":{},"normalizations":{}},{"classId":"e_92","part":"s1s2v1","offsets":[{"start":68,"text":"disqualified"}],"coordinates":[],"confidence":{"state":"pre-added","who":["user:Jenniyie"],"prob":1},"fields":{},"normalizations":{}}],"relations":[{"classId":"r_127","type":"linked","directed":false,"entities":["s1s2v1|e_94|0,21","s1s2v1|e_92|68,79"],"confidence":{"state":"pre-added","who":["user:Jenniyie"],"prob":1}}]}